{
    "manifest": {
      "publishingInformation": {
        "locales": {
          "en-US": {
            "summary": "Guess a number, and Alexa will tell you if you need to guess higher or lower.",
            "examplePhrases": [
              "Alexa open high low game",
              "Alexa start high low game",
              "Alexa ask high low game is it {number}"
            ],
            "name": "High Low Game",
            "description": "Guess a number, and Alexa will tell you if you need to guess higher or lower. She will also tell you how many times you have played. "
          },
          "en-GB": {
            "summary": "Guess a number, and Alexa will tell you if you need to guess higher or lower.",
            "examplePhrases": [
              "Alexa open high low game",
              "Alexa start high low game",
              "Alexa ask high low game is it {number}"
            ],
            "name": "High Low Game",
            "description": "Guess a number, and Alexa will tell you if you need to guess higher or lower. She will also tell you how many times you have played. "
          }
        },
        "isAvailableWorldwide": true,
        "testingInstructions": "Sample Testing Instructions.",
        "category": "EDUCATION_AND_REFERENCE",
        "distributionCountries": []
      },
      "apis": {
        "custom": {
          "endpoint": {
            "sourceDir": "lambda/py",
            "uri": "ask-custom-highlow-default"
          }
        }
      },
      "manifestVersion": "1.0"
    }
  }
